,0,1,2,3,4,5,6,7
0,-1.0718422,0.7134565,1.579228,0.8547977,-1.0717378,-0.49599215,0.29096565,-0.79887587
1,1.5949537,-0.74368656,-0.36710656,-0.7426644,-0.7430285,1.4176942,-0.74108785,0.32492557
2,0.40015024,-0.8557841,-0.121778145,1.223366,-0.6151441,-0.8561377,1.6664785,-0.84115034
3,0.086734235,0.41913247,1.736832,-1.1792645,0.70540214,-0.7010799,-1.1859509,0.1181948
4,1.3328593,-0.3595653,0.49088526,-0.7620152,-0.7606891,1.5885307,-0.7685645,-0.7614421
5,-0.056567144,0.1601432,-0.49976277,1.2698983,-0.55064505,-0.9600094,1.675135,-1.0381927
6,-0.3405547,-0.11697037,-0.073654056,1.3217678,-0.28170398,-1.3135736,1.6248933,-0.8202037
7,0.41130108,-0.67827475,1.726995,-0.6863259,-0.68051535,1.2470692,-0.69014627,-0.6501037
8,0.52538687,0.5266168,-1.0004529,0.8877615,-1.0005957,-0.48066902,1.5513136,-1.0093604
9,-0.24769513,0.13718034,1.7473392,-1.0312808,0.27113932,-0.17567547,-1.45798,0.7569737
10,-0.20906444,-0.7763298,0.81382304,1.4290435,-1.0567546,-1.0954067,-0.23538855,1.1300781
11,0.8283586,0.77998275,-0.021334682,-0.16446568,1.5162522,-0.9822884,-1.478291,-0.4782148
12,-0.40847018,-0.41204718,2.4528148,-0.025745787,-0.41673774,-0.4084046,-0.40860146,-0.37280795
13,-0.6855252,0.47276688,1.5937299,-0.6854342,-0.69334835,1.3694329,-0.6855296,-0.6860927
14,0.9946407,-0.4818503,-0.55885416,-1.8744196,-0.21652359,0.7886273,1.1071246,0.24125437
15,-0.50582457,-0.665154,1.0274162,-1.0020314,-1.0008944,0.63917583,-0.16713972,1.6744521
16,-0.034206934,-0.42652422,0.6268614,-1.708147,-0.49177596,0.10108048,0.13375866,1.7989535
17,-1.0532482,-0.4554122,1.5410036,-0.1396816,-1.0584301,1.1924996,0.5975263,-0.6242575
18,0.26684555,-0.800978,0.606284,1.62581,-0.72959065,-0.9639421,-0.954814,0.9503853
19,0.42064425,0.20227787,-1.1911954,0.73850256,-1.1908298,1.0873929,1.0190008,-1.0857937
