ID	S1	S2	S3	S4	S5	S6	S7	S8	S9
omic1_DE_1	1.1824473939035043	0.9867259559943109	1.5731480721829407	-0.7311032535787979	-1.2173566353644412	-0.5362472957808196	0.17912803887916023	-0.09180761021278745	-1.3449346660230705
omic1_DE_2	-1.246327988706145	-0.628520587106098	0.01088918458546028	0.13946688636905172	2.1658722030516344	1.1776843159271007	-0.733382269259523	-0.5525000691554225	-0.33318167570605844
omic1_DE_3	-0.5789312008771942	-0.06752874138874554	-1.0167966760206038	0.19506974722737422	-1.4518207960551923	-0.6276656927830995	1.8462959138758468	1.1901380173918212	0.5112394286297943
omic1_DE_4	0.7986697324746342	1.2088647010948876	1.808175114443743	-1.4891355197560032	-0.7815108457100474	-0.7373524615066663	-0.11846083711131597	-0.40682328368612947	-0.2824266002431025
omic1_DE_5	-1.2427879360637093	-0.9082134230280112	-0.32512510304978853	1.7232751131780415	-0.03347598721489002	1.7363543113303201	0.03350143777111769	-0.3268254163761742	-0.6567029965469049
omic1_DE_6	-1.8460568078155681	-0.045169435539157095	0.46527201588322264	0.30405752895945976	-0.19042083584400796	-1.1637881561699246	-0.21422582683914818	1.0093032398777861	1.6810282774873377
omic1_DE_7	0.3526712289485237	1.4465704784615037	1.469145007715606	0.017645751065471917	-1.204051010028631	-0.864594282301578	-0.7182193673467557	-1.194748675936068	0.6955808694219272
omic1_DE_8	-0.7402377390752508	-0.33636929066571636	-0.6240349433783468	1.501867475834879	1.3730456528284605	1.0366805067090992	-1.5762928269427994	-0.47196179404608096	-0.16269704126424486
omic1_DE_9	-0.11635882499446035	-1.0268368085352568	0.3428746243177887	-1.4212168210696097	-1.0513245745440478	-0.15504413072289255	0.7510191955069511	1.8475760888344024	0.8293112512071246
omic1_DE_10	0.9249642613542438	1.1552669129948767	0.5123862192651958	-1.9079654583409982	-0.1889279328199784	-0.2332943387760452	0.4094155357352035	-1.4367174047637434	0.764872205351246
omic1_noise_1	-0.2888273224269135	1.890463049658861	-0.45902038736438033	-0.8133372043628193	0.3399505503373613	1.2549170310905522	0.23603570877403268	-0.6378108141549333	-1.5223706115517608
omic1_noise_2	-1.3463371235806918	0.7576433314663923	1.29576975603781	0.02069067713869371	-0.9848586190217883	1.166858477020848	-1.2125030226848628	-0.5856567995127908	0.8883933231363892
omic1_noise_3	-2.2043360562284247	0.49207072319874967	-0.49793088244579004	0.20868592034201977	0.01950231028155329	0.3036296279966281	0.8068656874625911	-0.6786747080977829	1.5501873774904549
omic1_noise_4	0.5978122074623798	0.7408730466473078	1.1314014038712565	0.6725956944564263	0.7412938400757825	-0.19326219447196952	-2.0202938865392928	-0.44942029824723	-1.2209998132546604
omic1_noise_5	-1.4728989848576386	0.5652128632299397	-0.4373618028611567	-0.996541133016689	-1.012539419703275	0.5772925686625162	0.6867085299296523	1.855105535217852	0.23502184339879945
omic1_noise_6	0.5609483019302411	0.8978191219440959	0.6621949417367214	-2.6235340879036557	0.7355817658089522	-0.09538047380910146	-0.01672852916443612	-0.06583864969376492	-0.055062390849052394
omic1_noise_7	0.8037192116440368	-0.056609571690080594	-2.0132574684740447	0.26046583153443237	-0.6207768464419962	1.7685841172272154	0.032358236227679645	0.5044758707564785	-0.678959380783721
omic1_noise_8	0.07330755286062776	0.6354159261258284	-1.0245251338539556	0.9870572329145165	0.5289394699452482	-0.6870329016432339	-2.052647429736778	1.226239388313543	0.31324589507420314
omic1_noise_9	-0.8703948817627177	-0.5827231257964268	1.4267246814461334	-0.40028992988100376	-0.26673967487593	-1.807324839270856	1.2611460690625806	0.5466494231092692	0.6929522779689508
omic1_noise_10	0.14462400028225508	1.0475283655884966	0.4805177014571531	0.7322163142622942	-0.06304381293880693	-1.4363335895100118	1.1641078400433393	-1.915404056707598	-0.1542127624771216
