,0,1,0,1
0,0,21,-0.09012001,0.20375173
1,0,24,-0.048741724,0.16526227
2,0,25,-0.03960368,0.09473073
3,0,28,-0.08502197,0.10570382
4,0,33,0.03538962,0.11858543
5,0,34,-0.15493843,0.19498464
6,0,39,-0.098011844,0.11652476
7,1,22,-0.057685338,-0.08151392
8,1,29,0.13341357,-0.15175487
9,1,30,0.017011434,-0.05315792
10,1,35,0.019250635,-0.18329747
11,1,36,-0.037494913,-0.17634441
12,1,38,0.011189538,-0.058049984
13,2,23,0.052241817,0.10720438
14,2,24,-0.008674434,0.22925736
15,2,27,0.031941187,0.15665987
16,2,29,0.0627675,0.1547386
17,2,31,0.015078827,0.11927009
18,2,32,0.01760131,0.100597054
19,2,33,0.06386085,0.15973839
20,3,24,-0.060667742,0.114927106
21,3,25,-0.04958795,0.0657514
22,3,26,-0.027921466,0.062164526
23,3,28,-0.09816865,0.07302457
24,3,31,0.013805849,0.062632866
25,3,34,-0.17180209,0.13534449
26,3,39,-0.10947023,0.08081209
27,4,21,-0.06331066,-0.06020591
28,4,27,0.07198661,-0.04414364
29,4,30,0.027205119,0.02554422
30,4,35,0.040845178,-0.07554759
31,4,37,0.040257875,-0.04043948
32,4,38,0.020603081,0.025150942
33,5,22,-0.02898332,0.07358712
34,5,23,0.06187432,0.058907345
35,5,26,-0.013087374,0.0691703
36,5,29,0.065750875,0.08263898
37,5,30,0.008778199,0.0755263
38,5,31,0.014888934,0.06559696
39,5,38,0.0058074007,0.07916067
40,6,21,-0.123651184,0.14393833
41,6,23,0.08627353,0.058503237
42,6,24,-0.07227571,0.12356631
43,6,28,-0.103728816,0.07956617
44,6,29,0.087464035,0.07952564
45,6,31,0.0154774655,0.06373732
46,6,33,0.022769924,0.08554632
47,7,21,-0.09153806,-0.12127794
48,7,23,0.10781518,-0.06692732
49,7,29,0.1253525,-0.09643927
50,7,30,0.016642064,-0.011424166
51,7,35,0.019529717,-0.11915925
52,7,36,-0.034692217,-0.111840956
53,7,38,0.011122318,-0.013893952
54,8,22,-0.012340321,0.14093643
55,8,23,0.035838135,0.12112879
56,8,25,-0.0023026594,0.147108
57,8,26,0.013260805,0.13788188
58,8,31,0.017068293,0.13856514
59,8,34,-0.05448721,0.3562718
60,9,22,-0.05162477,0.04842718
61,9,25,-0.06163882,0.04907327
62,9,26,-0.04032923,0.046756916
63,9,28,-0.10741862,0.05241317
64,9,34,-0.19058768,0.09126708
65,9,36,-0.04335509,0.06972875
66,9,39,-0.11585115,0.056493104
67,10,28,-0.09502639,0.052414265
68,10,34,-0.17605956,0.08794836
69,10,35,0.009619911,0.04135103
70,10,36,-0.03176001,0.04811268
71,10,37,0.019140039,0.027595967
72,10,39,-0.11446641,0.05396745
73,11,21,-0.07385547,0.020348124
74,11,24,-0.02520723,0.024354525
75,11,27,0.05380139,0.006800826
76,11,29,0.11875421,-0.0051639406
77,11,35,0.026409125,-0.013398777
78,11,36,-0.030939002,-0.0057918536
79,11,38,0.015854828,0.052095547
80,12,21,-0.05774792,-0.07608617
81,12,24,-0.010618206,-0.052933823
82,12,27,0.0699514,-0.051846646
83,12,29,0.12755942,-0.06591356
84,12,30,0.02513931,0.005557241
85,12,38,0.018842937,0.00411924
86,13,21,-0.11725957,-0.08193231
87,13,23,0.10009577,-0.046218593
88,13,29,0.10837431,-0.06751351
89,13,30,0.0061436878,-0.014055512
90,13,35,-0.0055236854,-0.084500015
91,13,36,-0.039422516,-0.07839865
92,13,38,0.001988804,-0.016429666
93,14,21,0.05732609,0.36996076
94,14,23,0.02657308,0.12422143
95,14,24,0.05746772,0.27383777
96,14,27,0.073189594,0.18229078
97,14,29,0.0501445,0.18545799
98,14,32,0.030912926,0.11342386
99,15,22,-0.03960194,0.07510284
100,15,25,-0.04149236,0.077920005
101,15,26,-0.020595668,0.07352705
102,15,28,-0.08845034,0.08942529
103,15,34,-0.14308394,0.18024501
104,15,36,-0.0223758,0.13407065
105,15,39,-0.097891964,0.10382187
106,16,21,-0.022587344,0.28444728
107,16,27,0.051562585,0.15467799
108,16,33,0.09796467,0.1578393
109,16,34,-0.121169314,0.2862018
110,16,35,0.034178752,0.18556748
111,16,37,0.02758978,0.11478112
112,17,23,0.07791662,0.033212006
113,17,29,0.08550697,0.045194417
114,17,30,0.0093108695,0.06635614
115,17,31,0.01788656,0.041908443
116,17,35,0.0009495128,0.049954005
117,17,36,-0.030291498,0.057769828
118,17,38,0.0056734267,0.06890885
119,18,22,-0.037286587,0.080002405
120,18,23,0.065634064,0.07289399
121,18,25,-0.042908665,0.082223065
122,18,26,-0.025865788,0.07722812
123,18,28,-0.080619425,0.09244259
124,18,31,0.010214519,0.077391386
125,18,39,-0.08879162,0.104331195
126,19,20,-0.00034841587,-0.010763098
127,19,25,-0.07311992,-0.014771368
128,19,26,-0.044026613,-0.015561498
129,19,28,-0.13740136,-0.014928865
130,19,30,-0.0019699805,-0.00498607
131,19,38,-0.0055428892,-0.0067212377
132,0,41,4.1346574,0.17742279
133,0,46,3.0131648,-0.1845029
134,1,43,0.67938,0.18779664
135,1,47,9.531452,-0.79721403
136,1,48,5.6409945,-0.614056
137,2,44,-1.2900054,-0.7768777
138,2,45,1.0240397,-0.77437216
139,3,40,1.8692222,-0.16159451
140,3,46,2.7933257,-0.13296044
141,4,42,1.4809173,-0.16590257
142,4,43,0.7751957,-0.25022912
143,4,47,10.028933,-0.82627237
144,5,43,0.33254752,-0.34833366
145,5,44,-1.4058325,-0.21300548
146,5,47,4.16805,-0.53586555
147,6,41,5.2164717,-0.111066334
148,6,43,0.46205762,-0.10533556
149,6,48,3.7883804,0.0034074585
150,7,43,0.6452627,-0.011446024
151,7,48,5.330617,-0.5942661
152,8,40,-0.45255858,-0.3894662
153,8,44,-0.7677608,-1.4536247
154,8,46,0.33461297,-0.16373968
155,9,43,0.206773,-0.043102123
156,9,46,2.8058865,-0.20496187
157,9,48,2.2708142,0.044837482
158,10,40,1.9152569,-0.048126027
159,10,47,6.567074,-0.60027677
160,10,48,3.9613416,-0.104254715
161,11,42,1.2906697,-0.17736357
162,11,43,0.69411474,-0.24475764
163,11,48,5.4164815,-0.4772298
164,12,43,0.7149211,-0.039536625
165,12,45,2.5781243,0.026789978
166,12,47,9.419212,-0.76447356
167,13,43,0.4763533,0.17467542
168,13,47,7.1460214,-0.68595743
169,13,48,4.195463,-0.2845465
170,14,42,0.39250085,0.14972425
171,14,44,-0.60097253,-1.3973429
172,14,45,-1.0297124,-0.9052908
173,15,40,1.0893598,-0.16508517
174,15,43,0.13572045,-0.75747496
175,15,46,1.6863163,-0.063280836
176,16,42,0.77440226,-0.05777965
177,16,44,-1.7232229,-0.9991577
178,16,45,1.0881392,-0.46857956
179,17,44,-1.8707917,-0.18656786
180,17,47,5.762123,-0.65709484
181,17,48,3.4269004,-0.16669333
182,18,41,2.502421,0.21662407
183,18,44,-0.91497725,-0.2394353
184,18,46,2.112182,-0.46495897
185,19,41,5.4311967,-0.3901102
186,19,46,4.1980476,-0.09820518
187,19,48,4.0299463,-0.13978498
188,20,41,-0.66755545,0.03837998
189,20,45,1.0311824,-0.5872983
190,21,42,-0.8740423,0.87177974
191,21,43,-0.71745354,0.8799515
192,21,48,-1.2486206,-0.5220412
193,22,40,-0.3000713,-0.26406264
194,22,41,-1.3123019,-0.113372736
195,22,46,-1.2442228,-0.11266049
196,23,44,0.63604337,-0.34208262
197,23,45,1.3273113,-0.38425827
198,23,48,0.03136736,0.03517206
199,24,42,-0.8882192,0.21984132
200,24,43,-0.71770626,0.22656617
201,24,45,-0.20392758,0.65381277
202,25,40,-0.2615359,-0.40455246
203,25,41,-0.85361695,-0.10464067
204,25,46,-0.9112385,-0.2969903
205,26,40,-0.21988747,-0.28483698
206,26,41,-0.5685993,-0.105571486
207,27,42,-0.39878446,-0.11445554
208,27,43,-0.26966223,-0.1038791
209,27,45,0.32406887,-0.020908212
210,28,40,-0.111025274,-0.67561924
211,28,41,-1.5788395,-0.1186139
212,28,46,-1.2057184,-0.5653243
213,29,43,-0.21450172,-0.20529991
214,29,45,0.9297578,0.35606238
215,29,48,-0.24034385,-0.26951078
216,30,43,-0.08474231,-0.53413963
217,30,47,0.3629448,-0.22990055
218,30,48,-0.21481177,0.083116665
219,31,41,-1.2052206,-0.006643847
220,31,43,-0.022569247,-0.14718607
221,31,44,0.39384913,-0.30087474
222,32,40,-0.22316617,-0.18723333
223,32,41,-0.36490276,0.0015840593
224,32,45,1.0531629,-0.5368114
225,33,41,-0.78439856,-0.04175788
226,33,42,-0.028197894,0.18969095
227,33,45,0.5942178,0.4438337
228,34,40,0.2595461,-0.0012843064
229,34,42,-0.8280992,1.2017018
230,34,43,-0.6586446,1.6413256
231,35,43,-0.02559375,0.7147101
232,35,45,0.6497547,1.574396
233,35,48,0.05591053,-0.38215747
234,36,43,-0.27443272,0.91598445
235,36,47,0.21907732,0.20495057
236,36,48,-0.37191483,-0.35204878
237,37,40,-0.40167877,0.0052043265
238,37,42,0.082105026,-0.059983328
239,37,45,0.8785414,0.012318907
240,38,43,-0.097255245,-0.54362506
241,38,47,0.23487906,-0.23813884
242,38,48,-0.28777134,0.027052894
243,39,40,-0.09173295,-0.44798008
244,39,42,-0.5519636,-0.09275616
245,39,46,-1.9843425,-0.39512
246,0,3,-0.11292697,0.11970375
247,0,6,-0.09408458,0.08164298
248,0,8,-0.0947511,0.079143636
249,0,9,-0.09432589,0.12156625
250,0,15,-0.10153462,0.11548595
251,0,19,-0.1181214,0.08079468
252,1,4,-0.10478504,-0.04192863
253,1,7,-0.12412827,-0.04295657
254,1,11,-0.104232736,-0.019110823
255,1,12,-0.12715821,-0.039602894
256,1,13,-0.10465302,-0.017458254
257,1,17,-0.072482884,0.010871804
258,2,14,-0.032164596,0.053877026
259,2,16,-0.01344555,0.07970395
260,3,0,-0.09414401,0.06967193
261,3,6,-0.081098706,0.05425707
262,3,8,-0.0704786,0.052159023
263,3,9,-0.07815296,0.08013026
264,3,15,-0.08024719,0.0762701
265,4,1,-0.16665329,-0.09174661
266,4,7,-0.14184622,-0.06511595
267,4,12,-0.13581917,-0.056567147
268,4,16,-0.05717582,0.04532485
269,5,12,-0.0897953,-0.028325558
270,5,18,-0.074974276,0.08920476
271,6,0,-0.14937626,0.09008665
272,6,3,-0.164409,0.105934046
273,6,9,-0.14512889,0.10976258
274,6,11,-0.09916894,-0.0134718185
275,6,13,-0.1074931,-0.0327392
276,6,19,-0.16922271,0.0576581
277,7,1,-0.14071897,-0.073037535
278,7,4,-0.099455245,-0.050961494
279,7,11,-0.0983915,-0.01841435
280,7,12,-0.11998387,-0.046636984
281,7,13,-0.09913035,-0.022785552
282,7,17,-0.06855344,0.014407676
283,8,0,0.10159306,0.16972677
284,8,3,0.13163997,0.17749658
285,8,9,0.14944586,0.17181332
286,8,14,0.07272493,0.039528154
287,8,15,0.13650244,0.14708973
288,8,18,0.12390287,0.11943584
289,9,0,-0.12819451,0.042138144
290,9,3,-0.1397503,0.05093572
291,9,6,-0.10587555,0.023161856
292,9,8,-0.0870979,0.041335672
293,9,13,-0.058874417,-0.019191902
294,9,15,-0.11358449,0.05363887
295,10,16,-0.041150205,0.043758232
296,11,1,-0.15440126,-0.09252574
297,11,6,-0.09133699,0.0758999
298,11,7,-0.13055833,-0.06500624
299,11,12,-0.1282406,-0.054924514
300,11,13,-0.11288609,-0.031275555
301,12,1,-0.14923787,-0.07502673
302,12,4,-0.10838005,-0.051766716
303,12,5,-0.060712434,0.032503877
304,12,7,-0.12707429,-0.053854786
305,12,11,-0.099339455,-0.018329386
306,13,1,-0.116365395,-0.05502703
307,13,6,-0.09824116,0.03158951
308,13,7,-0.09474191,-0.039864272
309,13,9,-0.08951387,0.062199883
310,13,11,-0.08714059,-0.015804306
311,13,17,-0.061228942,0.007358896
312,13,19,-0.12089011,0.026276235
313,14,2,0.08930461,0.1222583
314,14,8,0.11051007,0.07889201
315,15,0,-0.01496488,0.08436702
316,15,3,-0.005297902,0.08997053
317,15,8,0.008173499,0.043468535
318,15,9,0.015803788,0.087997004
319,16,2,-0.009504709,0.120251775
320,16,4,-0.04746736,-0.050820168
321,16,10,0.0012250812,0.03223108
322,17,1,-0.10832805,-0.07776614
323,17,7,-0.08926383,-0.052482385
324,17,13,-0.08092435,-0.025730219
325,18,5,-0.051169433,0.01818121
326,18,8,-0.060520206,0.059217565
327,19,0,-0.15434499,0.012129378
328,19,6,-0.13239053,-0.007257143
329,19,13,-0.093573436,-0.025076257
330,20,25,-0.0049160155,-0.010376427
331,20,26,0.0015356941,-0.019965615
332,20,30,-0.0009857856,-0.07428611
333,20,32,0.0024379862,-0.040603075
334,20,33,0.051422488,-0.026083665
335,20,37,0.011087817,-0.02171756
336,21,24,0.07574327,-0.030486612
337,21,27,0.047589287,0.0025992163
338,21,34,0.047981065,-0.10339071
339,22,25,-0.0036311254,0.0019101022
340,22,26,-0.00031326068,-0.0074434606
341,22,28,-0.008570058,0.02655377
342,22,30,-0.013503821,-0.054103278
343,22,39,-0.00029068466,0.043416895
344,23,27,0.0378953,-0.018537348
345,23,29,0.01137111,-0.029548733
346,23,31,0.0061211926,-0.034355223
347,23,32,0.010680903,-0.037200853
348,23,33,0.042555436,-0.025695376
349,23,36,0.009369927,0.0012354316
350,24,21,0.077923715,-0.012638045
351,24,27,0.058292706,-0.0077329567
352,24,33,0.014897356,-0.012500982
353,24,34,0.026421877,-0.022490837
354,25,20,-0.003432749,-0.034276698
355,25,22,-0.006636195,-0.0029070496
356,25,26,-0.0005821128,-0.008231548
357,25,28,-0.010878392,0.025086446
358,25,39,-0.005766227,0.04132863
359,26,20,0.0017203323,-0.036314726
360,26,22,-0.0034851728,-0.0056402977
361,26,25,-0.00077976554,-0.0022190094
362,26,28,-0.008081004,0.019976946
363,26,30,-0.0029786916,-0.05585694
364,27,21,0.059495877,0.01947603
365,27,23,0.0041598724,-0.014264115
366,27,24,0.06363852,0.010686644
367,27,29,0.0038553518,-0.017010584
368,27,32,-0.0011048756,-0.0277679
369,27,33,0.030644145,-0.013578096
370,27,35,0.03333818,0.0010538668
371,27,37,0.019405052,-0.013671838
372,28,22,-0.00775151,-0.003965074
373,28,25,-0.0065065874,0.0008169608
374,28,26,-0.0033160134,-0.010574229
375,28,39,-0.0018333624,0.051417302
376,29,23,-0.002427667,-0.0011374089
377,29,27,0.043050762,-0.00600771
378,29,31,-0.002447464,-0.0064730006
379,29,32,-0.0016701672,-0.0044121924
380,29,33,0.051372584,-0.0061509972
381,29,35,0.048036948,-0.023933265
382,29,36,0.030212738,-0.028983843
383,30,20,-0.008812424,-0.044145375
384,30,22,-0.023125116,-0.017498208
385,30,26,-0.006161555,-0.021792566
386,30,32,-0.008519058,-0.036837246
387,30,38,-0.007757352,-0.067574106
388,31,23,-0.001741076,-0.014417244
389,31,29,0.01643328,-0.016295806
390,32,20,0.0051951264,-0.05122096
391,32,23,0.0025254409,-0.026750589
392,32,27,0.02693922,-0.01679768
393,32,29,0.017046148,-0.030410752
394,32,30,0.0020647212,-0.07759586
395,32,33,0.046576027,-0.025555212
396,32,35,0.032018196,0.0044376245
397,32,37,0.012705289,-0.021378348
398,33,20,-0.0015159699,-0.012677479
399,33,23,0.0035484806,-0.005231233
400,33,24,0.041361343,-0.0074702417
401,33,27,0.03626842,-0.005536033
402,33,29,0.0123772565,-0.009394967
403,33,32,0.002634902,-0.010716959
404,33,35,0.03197196,-0.015022985
405,33,37,0.014462036,-0.009630854
406,34,21,0.061420318,-0.07495997
407,34,24,0.03804921,-0.029542018
408,34,36,0.031380277,-0.0629828
409,35,27,0.029686864,0.0014747945
410,35,29,0.011816206,9.9358214e-05
411,35,32,0.0009409509,0.0019580075
412,35,33,0.037133567,0.0011401533
413,35,36,0.018273417,-0.040122602
414,35,37,0.011200293,-0.006837269
415,36,23,-0.002006164,0.0062215296
416,36,29,0.005466891,-0.00053515367
417,36,34,0.017497102,-0.07304526
418,36,35,0.026017658,-0.034024887
419,37,20,0.0058857678,-0.03524176
420,37,27,0.027113454,-0.0073211957
421,37,32,0.007670942,-0.028400104
422,37,33,0.040552106,-0.013919028
423,37,35,0.025679959,0.0059756394
424,38,30,-0.0122006815,-0.05431175
425,39,22,-0.0015790258,-0.010402799
426,39,25,-0.0022442339,-0.0055834395
427,39,28,-0.0027374397,0.026049921
