ID,Program_0,Program_1,Program_2,Program_3,Program_4
S4,-6.453381213661531e-05,2.897175114880877e-05,1.5586933108216596e-05,6.80499492817155e-05,-1.351198983286659e-06
S6,-7.327901541000212e-05,-5.9639254445592664e-05,0.00010279863005793917,2.3335887997090223e-05,-3.638620543579622e-05
S9,8.966823919399311e-05,4.0115165358438034e-05,2.392385882802271e-06,-2.4520590197493737e-05,-3.6804464639156727e-06
S3,-2.6401886584793045e-06,1.4833013420498376e-05,-1.1079760615052972e-05,-5.49833958367124e-05,4.632287627385794e-05
S7,6.656114233540318e-05,-3.9324624099618554e-05,-0.00011402471151025706,-7.916421291845028e-06,-7.15555205265431e-06
S8,1.0502794089248122e-05,8.696633169404742e-06,-3.825313636719281e-05,1.046936297552848e-05,-6.556871251860899e-06
S5,-9.39348679037539e-05,-6.426872371970196e-06,1.0988252727458375e-05,5.320762045378525e-05,1.601722200955849e-05
S1,8.204077157336216e-05,-3.5006431862750974e-05,2.5719853239280803e-05,-5.48897046466466e-05,-9.917705655408592e-06
S2,-1.438506308315596e-05,4.778061968278246e-05,5.871553476805619e-06,-1.2752708735421716e-05,2.7078815595059176e-06
