Feature,Node_Type,Attention,Leiden_Cluster,Cluster_Size,Kept_In_Network_Plot
omic2_noise_10,metabolite,2.2875694412505254e-05,0,12,True
omic2_noise_5,metabolite,1.530926238046959e-05,0,12,True
omic2_DE_3,metabolite,1.4503848433378153e-05,0,12,True
omic2_DE_9,metabolite,1.4048273442313075e-05,0,12,True
omic2_DE_6,metabolite,1.2335533028817736e-05,0,12,True
omic2_noise_7,metabolite,1.1963962606387213e-05,0,12,True
omic1_DE_1,gene,1.0331948942621239e-05,0,12,True
omic1_DE_10,gene,9.51046240516007e-06,0,12,True
omic1_noise_6,gene,9.22455819818424e-06,0,12,True
omic1_DE_4,gene,7.693739462411031e-06,0,12,True
omic2_DE_7,metabolite,4.766544407175388e-06,0,12,True
omic1_DE_9,gene,2.8929923701070948e-06,0,12,True
omic1_DE_6,gene,2.368004061281681e-05,1,10,True
omic1_noise_8,gene,2.138910349458456e-05,1,10,True
omic2_DE_10,metabolite,1.219535079144407e-05,1,10,True
omic1_noise_3,gene,1.1518261089804582e-05,1,10,True
omic2_noise_2,metabolite,1.040454299072735e-05,1,10,True
omic2_noise_9,metabolite,8.001858077477664e-06,1,10,True
omic1_DE_7,gene,7.047462531772908e-06,1,10,True
omic1_DE_5,gene,6.754034984624013e-06,1,10,True
omic1_noise_2,gene,5.730384145863354e-06,1,10,True
omic2_noise_1,metabolite,6.339541869238019e-07,1,10,True
omic2_noise_4,metabolite,2.682888225535862e-05,2,6,True
omic2_noise_8,metabolite,2.3611706637893803e-05,2,6,True
omic2_noise_6,metabolite,1.5157600500970148e-05,2,6,True
omic1_noise_1,gene,1.2630793207790703e-05,2,6,True
omic1_noise_7,gene,1.0822326657944359e-05,2,6,True
omic2_DE_1,metabolite,1.078871378012991e-06,2,6,True
omic2_DE_8,metabolite,2.2367916244547814e-05,3,6,True
omic2_DE_5,metabolite,1.8257091142004356e-05,3,6,True
omic2_DE_2,metabolite,1.234747287526261e-05,3,6,True
omic1_DE_3,gene,1.1019288649549708e-05,3,6,True
omic1_noise_5,gene,1.0220604053756688e-05,3,6,True
omic2_noise_3,metabolite,1.4936865682102507e-06,3,6,True
omic1_noise_9,gene,1.4258192095439881e-05,4,4,True
omic2_DE_4,metabolite,9.703499017632566e-06,4,4,True
omic1_noise_4,gene,7.581650152133079e-06,4,4,True
omic1_DE_8,gene,3.975231265940238e-06,4,4,True
